null,vellatrix님 로그인 : 2021년 03월 02일 20시 16분 59초,null
null,vellatrix님 로그아웃 : 2021년 03월 02일 20시 17분 57초,null
null,solaris1027님 로그인 : 2021년 03월 02일 20시 21분 30초,null
null,solaris1027님 로그아웃 : 2021년 03월 02일 20시 21분 44초,null
null,solaris1027님 로그인 : 2021년 03월 02일 20시 21분 46초,null
null,solaris1027님 로그아웃 : 2021년 03월 02일 20시 27분 52초,null
null,vellatrix님 로그인 : 2021년 03월 02일 20시 41분 32초,null
null,vellatrix님 로그아웃 : 2021년 03월 02일 20시 49분 55초,null
null,solaris1027님 로그인 : 2021년 03월 03일 09시 14분 26초,null
null,solaris1027님 로그아웃 : 2021년 03월 03일 09시 14분 49초,null
null,solaris1027님 로그인 : 2021년 03월 03일 09시 15분 02초,null
null,solaris1027님 로그아웃 : 2021년 03월 03일 09시 15분 23초,null
